day,variable,psi
2025-04-21,voltage,0.5647352016589242
2025-04-21,rotation,0.0030808826543480368
2025-04-21,pressure,0.1397657701271865
2025-04-21,vibration,0.6877049059817988
2025-04-22,voltage,0.5114922848176309
2025-04-22,rotation,0.014016611224091398
2025-04-22,pressure,0.13475009743135347
2025-04-22,vibration,0.7715030611020244
2025-04-23,voltage,0.5887035323450962
2025-04-23,rotation,0.005132278201508146
2025-04-23,pressure,0.1781617723559396
2025-04-23,vibration,0.6459821338512989
2025-04-24,voltage,0.5978317749317026
2025-04-24,rotation,0.0034419017824871886
2025-04-24,pressure,0.2307821931078769
2025-04-24,vibration,0.7560180534292793
2025-04-25,voltage,0.539282418426509
2025-04-25,rotation,0.015422469382728558
2025-04-25,pressure,0.10944164665276368
2025-04-25,vibration,0.6571552367081873
2025-04-26,voltage,0.5275773542397373
2025-04-26,rotation,0.004338468951761392
2025-04-26,pressure,0.1478877011912253
2025-04-26,vibration,0.7094107627694274
2025-04-27,voltage,0.6534369537637241
2025-04-27,rotation,0.011362576758758625
2025-04-27,pressure,0.18008570502934707
2025-04-27,vibration,0.7484750919873923
2025-04-28,voltage,0.6453012617054085
2025-04-28,rotation,0.011078480702787918
2025-04-28,pressure,0.20132138830637136
2025-04-28,vibration,0.7078525710004785
2025-04-29,voltage,0.6963591167173712
2025-04-29,rotation,0.007960482064655315
2025-04-29,pressure,0.17398450480660171
2025-04-29,vibration,0.6239642046426408
2025-04-30,voltage,0.4837257868041544
2025-04-30,rotation,0.0030345272890298616
2025-04-30,pressure,0.14641598242500847
2025-04-30,vibration,0.7622555187056862
2025-05-01,voltage,0.5804606451466194
2025-05-01,rotation,0.01408691512145299
2025-05-01,pressure,0.1892702447026153
2025-05-01,vibration,0.654673013245249
2025-05-02,voltage,0.5162213911822038
2025-05-02,rotation,0.012778146520759209
2025-05-02,pressure,0.19125624085760495
2025-05-02,vibration,0.6860150887954868
2025-05-03,voltage,0.47141749640464714
2025-05-03,rotation,0.01003827697971581
2025-05-03,pressure,0.12936485013441829
2025-05-03,vibration,0.6560889558378542
2025-05-04,voltage,0.5669404659653929
2025-05-04,rotation,0.00466448015143107
2025-05-04,pressure,0.20428164899767987
2025-05-04,vibration,0.7997091713637874
2025-05-05,voltage,0.5687335164606775
2025-05-05,rotation,0.007031579584955025
2025-05-05,pressure,0.11076879018152169
2025-05-05,vibration,0.742055113439414
2025-05-06,voltage,0.5898579420307104
2025-05-06,rotation,0.006563126217619734
2025-05-06,pressure,0.150874255612705
2025-05-06,vibration,0.7191117899915973
2025-05-07,voltage,0.5573454510847455
2025-05-07,rotation,0.019215121114109696
2025-05-07,pressure,0.1500544263317028
2025-05-07,vibration,0.6542915516349584
2025-05-08,voltage,0.5908993710288608
2025-05-08,rotation,0.00745128641808477
2025-05-08,pressure,0.1855284094850871
2025-05-08,vibration,0.7395843003188798
2025-05-09,voltage,0.5262722161255893
2025-05-09,rotation,0.005375759791234446
2025-05-09,pressure,0.18060111124689496
2025-05-09,vibration,0.7213513356526395
2025-05-10,voltage,0.5794873769554734
2025-05-10,rotation,0.008886760669021734
2025-05-10,pressure,0.18478146364114495
2025-05-10,vibration,0.6171588548935409
2025-05-11,voltage,0.5425875907582641
2025-05-11,rotation,0.004588915414933178
2025-05-11,pressure,0.15918729585433966
2025-05-11,vibration,0.697046634448764
2025-05-12,voltage,0.6258127011198484
2025-05-12,rotation,0.007154775032197053
2025-05-12,pressure,0.09319303882967797
2025-05-12,vibration,0.7845551705939372
2025-05-13,voltage,0.6883510410875264
2025-05-13,rotation,0.009764091075190679
2025-05-13,pressure,0.1881858702461109
2025-05-13,vibration,0.8774797549595978
2025-05-14,voltage,0.5142096418566902
2025-05-14,rotation,0.007407572138824321
2025-05-14,pressure,0.2584168298291509
2025-05-14,vibration,0.8200247259088993
2025-05-15,voltage,0.5338703441142388
2025-05-15,rotation,0.010099023626403403
2025-05-15,pressure,0.1505796242362255
2025-05-15,vibration,0.6905928681331654
2025-05-16,voltage,0.509997474887246
2025-05-16,rotation,0.006526250888313994
2025-05-16,pressure,0.19549231107479925
2025-05-16,vibration,0.7688552919378537
2025-05-17,voltage,0.6093673545965413
2025-05-17,rotation,0.011797042318929139
2025-05-17,pressure,0.24286462806634115
2025-05-17,vibration,0.7976628832647585
2025-05-18,voltage,0.5165668625362225
2025-05-18,rotation,0.007356602102791054
2025-05-18,pressure,0.19530868860500314
2025-05-18,vibration,0.6855044208127183
2025-05-19,voltage,0.5545353644194407
2025-05-19,rotation,0.014950116218558518
2025-05-19,pressure,0.13822006059977435
2025-05-19,vibration,0.7503198849764199
2025-05-20,voltage,0.6086282092452465
2025-05-20,rotation,0.0052714816918009826
2025-05-20,pressure,0.22367138286860583
2025-05-20,vibration,0.7032574233896686
2025-05-21,voltage,0.48188385993961524
2025-05-21,rotation,0.008056114069776205
2025-05-21,pressure,0.2180668522405293
2025-05-21,vibration,0.7977564133189179
2025-05-22,voltage,0.5685158235682235
2025-05-22,rotation,0.005978854961700945
2025-05-22,pressure,0.1975981562630832
2025-05-22,vibration,0.7346730519987356
2025-05-23,voltage,0.49994402983116054
2025-05-23,rotation,0.011255531015550217
2025-05-23,pressure,0.21041182962814048
2025-05-23,vibration,0.6487732003927607
2025-05-24,voltage,0.6093027356555093
2025-05-24,rotation,0.008494831131685773
2025-05-24,pressure,0.1888246762703875
2025-05-24,vibration,0.7390647734678666
2025-05-25,voltage,0.5837591336922828
2025-05-25,rotation,0.004941326715674908
2025-05-25,pressure,0.19886449132251258
2025-05-25,vibration,0.733987872154706
2025-05-26,voltage,0.5751389857225386
2025-05-26,rotation,0.015189949549926552
2025-05-26,pressure,0.17368959810099605
2025-05-26,vibration,0.7035563717755685
2025-05-27,voltage,0.5977462925662496
2025-05-27,rotation,0.01176295766634972
2025-05-27,pressure,0.1701920580880379
2025-05-27,vibration,0.8371850206005427
2025-05-28,voltage,0.5339697228937863
2025-05-28,rotation,0.011510247214526436
2025-05-28,pressure,0.16813764883745114
2025-05-28,vibration,0.7095614866330363
2025-05-29,voltage,0.519268405472799
2025-05-29,rotation,0.007920901605265346
2025-05-29,pressure,0.1288443616284912
2025-05-29,vibration,0.6500931479368053
2025-05-30,voltage,0.45442128555923383
2025-05-30,rotation,0.011122819255085837
2025-05-30,pressure,0.17832851334807798
2025-05-30,vibration,0.7715596882514051
