machine_id,timestamp,component
M002,2025-05-12 17:00:00,comp3
M003,2025-05-20 23:00:00,comp2
M005,2025-05-11 09:00:00,comp1
M008,2025-05-29 15:00:00,comp3
M009,2025-05-10 23:00:00,comp2
M009,2025-05-17 18:00:00,comp2
M010,2025-05-20 09:00:00,comp4
M011,2025-05-07 00:00:00,comp3
M011,2025-05-18 19:00:00,comp3
M011,2025-05-20 15:00:00,comp4
M012,2025-05-28 22:00:00,comp4
M019,2025-05-06 20:00:00,comp2
M020,2025-05-06 00:00:00,comp2
M020,2025-05-09 20:00:00,comp3
M023,2025-05-24 14:00:00,comp1
M025,2025-05-26 03:00:00,comp3
M025,2025-05-28 02:00:00,comp2
M027,2025-05-28 01:00:00,comp4
M032,2025-05-13 11:00:00,comp4
M033,2025-05-10 23:00:00,comp2
M036,2025-05-19 15:00:00,comp1
M037,2025-05-05 00:00:00,comp3
M037,2025-05-22 06:00:00,comp1
M038,2025-05-16 09:00:00,comp1
M039,2025-05-28 04:00:00,comp1
M042,2025-05-10 21:00:00,comp4
M043,2025-05-14 13:00:00,comp3
M043,2025-05-27 03:00:00,comp1
M044,2025-05-13 18:00:00,comp2
M044,2025-05-22 13:00:00,comp1
M045,2025-05-26 22:00:00,comp2
M046,2025-05-05 04:00:00,comp3
M052,2025-05-18 23:00:00,comp2
M052,2025-05-23 04:00:00,comp2
M054,2025-05-11 08:00:00,comp2
M055,2025-05-14 02:00:00,comp1
M056,2025-05-29 12:00:00,comp2
M057,2025-05-14 02:00:00,comp1
M059,2025-05-30 10:00:00,comp2
M060,2025-05-03 09:00:00,comp1
M060,2025-05-18 01:00:00,comp2
M060,2025-05-19 23:00:00,comp4
