machine_id,model,age
M001,model4,5
M002,model3,9
M003,model3,7
M004,model4,4
M005,model3,19
M006,model4,0
M007,model4,1
M008,model1,3
M009,model1,19
M010,model2,13
M011,model2,17
M012,model4,4
M013,model4,14
M014,model1,7
M015,model2,9
M016,model4,0
M017,model1,12
M018,model4,16
M019,model1,13
M020,model2,3
M021,model4,10
M022,model2,5
M023,model2,19
M024,model2,17
M025,model3,3
M026,model2,10
M027,model4,18
M028,model2,16
M029,model2,14
M030,model3,12
M031,model3,0
M032,model3,14
M033,model3,9
M034,model4,1
M035,model4,4
M036,model4,10
M037,model3,14
M038,model3,10
M039,model2,12
M040,model4,17
M041,model2,13
M042,model1,7
M043,model4,12
M044,model1,11
M045,model4,2
M046,model3,1
M047,model1,13
M048,model1,7
M049,model2,11
M050,model1,6
M051,model1,4
M052,model3,3
M053,model4,7
M054,model2,16
M055,model4,8
M056,model4,7
M057,model4,11
M058,model3,19
M059,model2,7
M060,model3,11
