machine_id,timestamp,failure_probability,risk_level,model_version,top_factor
M047,2025-05-30 23:00:00,0.2909090909090909,HIGH,2,hours since last error
M021,2025-05-30 23:00:00,0.08333333333333333,HIGH,2,hours since last error
M057,2025-05-30 23:00:00,0.02702702702702703,HIGH,2,vibration (6 h peak)
M015,2025-05-30 23:00:00,0.01652892561983471,MEDIUM,2,hours since last maintenance
M032,2025-05-30 23:00:00,0.0163265306122449,MEDIUM,2,rotation speed (3 h average)
M060,2025-05-30 23:00:00,0.0163265306122449,MEDIUM,2,vibration (6 h peak)
M007,2025-05-30 23:00:00,0.014067524115755627,MEDIUM,2,rotation speed (24 h average)
M002,2025-05-30 23:00:00,0.014067524115755627,MEDIUM,2,rotation speed (3 h average)
M011,2025-05-30 23:00:00,0.014067524115755627,MEDIUM,2,rotation speed (24 h average)
M010,2025-05-30 23:00:00,0.014067524115755627,MEDIUM,2,hours since last error
M014,2025-05-30 23:00:00,0.014067524115755627,MEDIUM,2,vibration (6 h peak)
M024,2025-05-30 23:00:00,0.014067524115755627,MEDIUM,2,voltage (3 h average)
M055,2025-05-30 23:00:00,0.014067524115755627,MEDIUM,2,voltage (3 h average)
M051,2025-05-30 23:00:00,0.014067524115755627,MEDIUM,2,hours since last maintenance
M029,2025-05-30 23:00:00,0.014067524115755627,MEDIUM,2,rotation speed (3 h average)
M046,2025-05-30 23:00:00,0.014067524115755627,MEDIUM,2,vibration (6 h peak)
M036,2025-05-30 23:00:00,0.014067524115755627,MEDIUM,2,hours since last failure
M022,2025-05-30 23:00:00,0.006201077564298058,LOW,2,hours since last maintenance
M027,2025-05-30 23:00:00,0.006201077564298058,LOW,2,machine model
M023,2025-05-30 23:00:00,0.006201077564298058,LOW,2,rotation speed (3 h average)
M017,2025-05-30 23:00:00,0.006201077564298058,LOW,2,rotation speed (24 h average)
M018,2025-05-30 23:00:00,0.006201077564298058,LOW,2,hours since last maintenance
M019,2025-05-30 23:00:00,0.006201077564298058,LOW,2,vibration (6 h peak)
M020,2025-05-30 23:00:00,0.006201077564298058,LOW,2,hours since last maintenance
M025,2025-05-30 23:00:00,0.006201077564298058,LOW,2,voltage (24 h average)
M026,2025-05-30 23:00:00,0.006201077564298058,LOW,2,pressure (6 h peak)
M030,2025-05-30 23:00:00,0.006201077564298058,LOW,2,rotation speed (24 h average)
M058,2025-05-30 23:00:00,0.006201077564298058,LOW,2,vibration (3 h average)
M034,2025-05-30 23:00:00,0.006201077564298058,LOW,2,vibration (6 h peak)
M001,2025-05-30 23:00:00,0.006201077564298058,LOW,2,hours since last error
M004,2025-05-30 23:00:00,0.006201077564298058,LOW,2,pressure (6 h peak)
M003,2025-05-30 23:00:00,0.006201077564298058,LOW,2,hours since last failure
M006,2025-05-30 23:00:00,0.006201077564298058,LOW,2,vibration (6 h peak)
M005,2025-05-30 23:00:00,0.006201077564298058,LOW,2,vibration (3 h average)
M012,2025-05-30 23:00:00,0.006201077564298058,LOW,2,rotation speed (3 h average)
M009,2025-05-30 23:00:00,0.006201077564298058,LOW,2,pressure (24 h average)
M016,2025-05-30 23:00:00,0.006201077564298058,LOW,2,voltage variability (24 h)
M052,2025-05-30 23:00:00,0.006201077564298058,LOW,2,vibration (6 h peak)
M031,2025-05-30 23:00:00,0.006201077564298058,LOW,2,hours since last maintenance
M053,2025-05-30 23:00:00,0.006201077564298058,LOW,2,hours since last error
M050,2025-05-30 23:00:00,0.006201077564298058,LOW,2,hours since last maintenance
M054,2025-05-30 23:00:00,0.006201077564298058,LOW,2,rotation speed (24 h average)
M013,2025-05-30 23:00:00,0.006201077564298058,LOW,2,rotation speed (3 h average)
M028,2025-05-30 23:00:00,0.006201077564298058,LOW,2,hours since last maintenance
M033,2025-05-30 23:00:00,0.006201077564298058,LOW,2,vibration (24 h average)
M038,2025-05-30 23:00:00,0.006201077564298058,LOW,2,vibration (6 h peak)
M049,2025-05-30 23:00:00,0.006201077564298058,LOW,2,vibration (6 h peak)
M048,2025-05-30 23:00:00,0.006201077564298058,LOW,2,hours since last error
M041,2025-05-30 23:00:00,0.006201077564298058,LOW,2,rotation speed (24 h average)
M045,2025-05-30 23:00:00,0.006201077564298058,LOW,2,vibration (6 h peak)
M043,2025-05-30 23:00:00,0.006201077564298058,LOW,2,hours since last failure
M042,2025-05-30 23:00:00,0.006201077564298058,LOW,2,vibration (3 h average)
M044,2025-05-30 23:00:00,0.006201077564298058,LOW,2,pressure variability (24 h)
M035,2025-05-30 23:00:00,0.006201077564298058,LOW,2,pressure (6 h peak)
M040,2025-05-30 23:00:00,0.006201077564298058,LOW,2,vibration (3 h average)
M037,2025-05-30 23:00:00,0.006201077564298058,LOW,2,hours since last failure
M008,2025-05-30 23:00:00,0.0,LOW,2,voltage (24 h average)
M056,2025-05-30 23:00:00,0.0,LOW,2,pressure (6 h peak)
M059,2025-05-30 23:00:00,0.0,LOW,2,vibration (3 h average)
M039,2025-05-30 23:00:00,0.0,LOW,2,pressure (3 h average)
